h3_07,muutos,vuosi,geometry
870899602ffffff,-10,16100,"POLYGON ((24.58503596921045 60.28296458992014, 24.603860949071326 60.27820739183984, 24.620984419256956 60.28532844685049, 24.619283412038758 60.29720978397188, 24.600447087497145 60.30196751084847, 24.583323118539656 60.294843371278304, 24.58503596921045 60.28296458992014))"
870899603ffffff,-4,16100,"POLYGON ((24.600447087497145 60.30196751084847, 24.619283412038758 60.29720978397188, 24.636422408176262 60.304330769561815, 24.634725589720695 60.31621256691954, 24.615877909600417 60.32097082501753, 24.59873840720338 60.31384675400558, 24.600447087497145 60.30196751084847))"
870899604ffffff,6,32200,"POLYGON ((24.52855108683513 60.297214424774985, 24.54738103424486 60.29246810607994, 24.564489975556565 60.29959539162753, 24.562769446997024 60.311472077449096, 24.543928138745596 60.31621891778776, 24.526818723594097 60.30908855013443, 24.52855108683513 60.297214424774985))"
870899606ffffff,3,26155,"POLYGON ((24.54910571481229 60.28059188361318, 24.56792751048479 60.27584038727555, 24.58503596921045 60.28296458992014, 24.583323118539656 60.294843371278304, 24.564489975556565 60.29959539162753, 24.54738103424486 60.29246810607994, 24.54910571481229 60.28059188361318))"
870899608ffffff,-355,26155,"POLYGON ((24.631328471090015 60.339974523870865, 24.650187517695866 60.33521573211982, 24.667357635455513 60.34233656237471, 24.6656692316227 60.35421927099718, 24.646798807615276 60.35897859883946, 24.629628168538762 60.35185468143365, 24.631328471090015 60.339974523870865))"
870899609ffffff,6,8050,"POLYGON ((24.646798807615276 60.35897859883946, 24.6656692316227 60.35421927099718, 24.682854945141102 60.36134001531855, 24.681170767239195 60.37322317496348, 24.66228895490524 60.37798304134183, 24.645102712500037 60.37085920900304, 24.646798807615276 60.35897859883946))"
87089960affffff,-10,8050,"POLYGON ((24.651880135034776 60.32333347759408, 24.670730979984228 60.31856950330587, 24.687900567688644 60.325687245625936, 24.68621984418665 60.33757204963439, 24.667357635455513 60.34233656237471, 24.650187517695866 60.33521573211982, 24.651880135034776 60.32333347759408))"
87089960bffffff,-4,16100,"POLYGON ((24.667357635455513 60.34233656237471, 24.68621984418665 60.33757204963439, 24.70340502007155 60.344689705156924, 24.701728528550355 60.35657496168222, 24.682854945141102 60.36134001531855, 24.6656692316227 60.35421927099718, 24.667357635455513 60.34233656237471))"
87089960dffffff,-12,8050,"POLYGON ((24.610760918084264 60.35660828836029, 24.629628168538762 60.35185468143365, 24.646798807615276 60.35897859883946, 24.645102712500037 60.37085920900304, 24.626224071011517 60.37561334965829, 24.609052919377504 60.368486345887234, 24.610760918084264 60.35660828836029))"
87089960effffff,9,26155,"POLYGON ((24.615877909600417 60.32097082501753, 24.634725589720695 60.31621256691954, 24.651880135034776 60.32333347759408, 24.650187517695866 60.33521573211982, 24.631328471090015 60.339974523870865, 24.61417341200142 60.33285052691052, 24.615877909600417 60.32097082501753))"
870899610ffffff,-36,16100,"POLYGON ((24.59016751314084 60.24732499161822, 24.60897301174856 60.242563146831046, 24.626080479147213 60.24968118128495, 24.62438295162659 60.261564144490656, 24.605566132733237 60.266326518020115, 24.588458165318965 60.25920539907397, 24.59016751314084 60.24732499161822))"
870899611ffffff,2,8050,"POLYGON ((24.605566132733237 60.266326518020115, 24.62438295162659 60.261564144490656, 24.641505914327574 60.26868211415043, 24.63981256929643 60.28056554216115, 24.620984419256956 60.28532844685049, 24.603860949071326 60.27820739183984, 24.605566132733237 60.266326518020115))"
870899612ffffff,76,16100,"POLYGON ((24.610674709473827 60.23068065149487, 24.62947206277117 60.22591363590558, 24.64657902147078 60.23302858507533, 24.644889139236266 60.24491363459066, 24.626080479147213 60.24968118128495, 24.60897301174856 60.242563146831046, 24.610674709473827 60.23068065149487))"
870899613ffffff,98,32200,"POLYGON ((24.626080479147213 60.24968118128495, 24.644889139236266 60.24491363459066, 24.662011585760794 60.25202851811009, 24.66032589204066 60.263914033934476, 24.641505914327574 60.26868211415043, 24.62438295162659 60.261564144490656, 24.626080479147213 60.24968118128495))"
870899614ffffff,-188,32200,"POLYGON ((24.554272702204486 60.24495996194886, 24.573075025361412 60.24020381421222, 24.59016751314084 60.24732499161822, 24.588458165318965 60.25920539907397, 24.569644519249955 60.26396207077647, 24.552551547592547 60.256837810531756, 24.554272702204486 60.24495996194886))"
870899615ffffff,22,32200,"POLYGON ((24.569644519249955 60.26396207077647, 24.588458165318965 60.25920539907397, 24.605566132733237 60.266326518020115, 24.603860949071326 60.27820739183984, 24.58503596921045 60.28296458992014, 24.56792751048479 60.27584038727555, 24.569644519249955 60.26396207077647))"
870899616ffffff,720,32200,"POLYGON ((24.574788525094437 60.22832387617979, 24.593582714268162 60.22356255772378, 24.610674709473827 60.23068065149487, 24.60897301174856 60.242563146831046, 24.59016751314084 60.24732499161822, 24.573075025361412 60.24020381421222, 24.574788525094437 60.22832387617979))"
870899618ffffff,88,32200,"POLYGON ((24.656951050453124 60.287683441540246, 24.675782356631544 60.28291482537934, 24.692935848228334 60.290029561124896, 24.69125856853512 60.30191600035507, 24.67241592304126 60.30668515489082, 24.65526190023148 60.299567331288415, 24.656951050453124 60.287683441540246))"
870899619ffffff,-26,32200,"POLYGON ((24.67241592304126 60.30668515489082, 24.69125856853512 60.30191600035507, 24.708427617467283 60.30903065395812, 24.706754563357023 60.320917550279, 24.687900567688644 60.325687245625936, 24.670730979984228 60.31856950330587, 24.67241592304126 60.30668515489082))"
87089961affffff,164,32200,"POLYGON ((24.67746384951626 60.27102884631565, 24.696286972014633 60.26625505455752, 24.713439923710787 60.27336670166342, 24.711770296475954 60.28525522863372, 24.692935848228334 60.290029561124896, 24.675782356631544 60.28291482537934, 24.67746384951626 60.27102884631565))"
87089961bffffff,282,32200,"POLYGON ((24.692935848228334 60.290029561124896, 24.711770296475954 60.28525522863372, 24.728938797939822 60.292366792739315, 24.72727340229483 60.30425577829836, 24.708427617467283 60.30903065395812, 24.69125856853512 60.30191600035507, 24.692935848228334 60.290029561124896))"
87089961cffffff,-6,24150,"POLYGON ((24.620984419256956 60.28532844685049, 24.63981256929643 60.28056554216115, 24.656951050453124 60.287683441540246, 24.65526190023148 60.299567331288415, 24.636422408176262 60.304330769561815, 24.619283412038758 60.29720978397188, 24.620984419256956 60.28532844685049))"
87089961dffffff,-34,10055,"POLYGON ((24.636422408176262 60.304330769561815, 24.65526190023148 60.299567331288415, 24.67241592304126 60.30668515489082, 24.670730979984228 60.31856950330587, 24.651880135034776 60.32333347759408, 24.634725589720695 60.31621256691954, 24.636422408176262 60.304330769561815))"
87089961effffff,10,32200,"POLYGON ((24.641505914327574 60.26868211415043, 24.66032589204066 60.263914033934476, 24.67746384951626 60.27102884631565, 24.675782356631544 60.28291482537934, 24.656951050453124 60.287683441540246, 24.63981256929643 60.28056554216115, 24.641505914327574 60.26868211415043))"
870899622ffffff,-22,8050,"POLYGON ((24.492630435741347 60.29482462316621, 24.511457173592945 60.290084001248296, 24.52855108683513 60.297214424774985, 24.526818723594097 60.30908855013443, 24.50798062232205 60.313829688911646, 24.49088625141498 60.30669618494531, 24.492630435741347 60.29482462316621))"
870899623ffffff,-6,8050,"POLYGON ((24.50798062232205 60.313829688911646, 24.526818723594097 60.30908855013443, 24.543928138745596 60.31621891778776, 24.54219992140486 60.328093504998485, 24.523350445747674 60.33283516304957, 24.50624056552365 60.32570171408955, 24.50798062232205 60.313829688911646))"
870899630ffffff,28,32200,"POLYGON ((24.49785585432416 60.259206674352974, 24.51666311285052 60.25446139171057, 24.53374108832256 60.26158878527062, 24.53201226799366 60.27346454132764, 24.513193670489194 60.27821034079278, 24.496115235982803 60.271079866854826, 24.49785585432416 60.259206674352974))"
870899631ffffff,-22,32200,"POLYGON ((24.513193670489194 60.27821034079278, 24.53201226799366 60.27346454132764, 24.54910571481229 60.28059188361318, 24.54738103424486 60.29246810607994, 24.52855108683513 60.297214424774985, 24.511457173592945 60.290084001248296, 24.513193670489194 60.27821034079278))"
870899632ffffff,7,10055,"POLYGON ((24.51839606072944 60.24258610511522, 24.53719519449587 60.23783564956881, 24.554272702204486 60.24495996194886, 24.552551547592547 60.256837810531756, 24.53374108832256 60.26158878527062, 24.51666311285052 60.25446139171057, 24.51839606072944 60.24258610511522))"
870899633ffffff,-68,24150,"POLYGON ((24.53374108832256 60.26158878527062, 24.552551547592547 60.256837810531756, 24.569644519249955 60.26396207077647, 24.56792751048479 60.27584038727555, 24.54910571481229 60.28059188361318, 24.53201226799366 60.27346454132764, 24.53374108832256 60.26158878527062))"
870899680ffffff,8734,32200,"POLYGON ((24.707979954024577 60.183027293254014, 24.72675600069921 60.17823907679312, 24.743876296017774 60.18534160789072, 24.742221099030015 60.197235444199535, 24.723433788694976 60.20202420361189, 24.706312942641645 60.19491858323331, 24.707979954024577 60.183027293254014))"
870899681ffffff,2160,24150,"POLYGON ((24.723433788694976 60.20202420361189, 24.742221099030015 60.197235444199535, 24.75935687519786 60.204337900753195, 24.757705902940494 60.21623220631551, 24.73890731821645 60.221021511098954, 24.72177098377604 60.21391596441656, 24.723433788694976 60.20202420361189))"
870899682ffffff,3822,32200,"POLYGON ((24.728415410092566 60.16634571281647, 24.74718330890651 60.16155233464927, 24.76430304490282 60.16865177568512, 24.76265544503246 60.18054768441899, 24.743876296017774 60.18534160789072, 24.72675600069921 60.17823907679312, 24.728415410092566 60.16634571281647))"
870899683ffffff,1038,32200,"POLYGON ((24.743876296017774 60.18534160789072, 24.76265544503246 60.18054768441899, 24.779790654332004 60.18764705006551, 24.778147285113814 60.199543429558204, 24.75935687519786 60.204337900753195, 24.742221099030015 60.197235444199535, 24.743876296017774 60.18534160789072))"
870899684ffffff,1516,34220,"POLYGON ((24.672101642957504 60.18070411894644, 24.690874573313778 60.17592160467101, 24.707979954024577 60.183027293254014, 24.706312942641645 60.19491858323331, 24.687528745900757 60.199701635691326, 24.670422830565915 60.192592859458784, 24.672101642957504 60.18070411894644))"
870899685ffffff,2776,16100,"POLYGON ((24.687528745900757 60.199701635691326, 24.706312942641645 60.19491858323331, 24.723433788694976 60.20202420361189, 24.72177098377604 60.21391596441656, 24.702975509902522 60.218699557471204, 24.685854121722738 60.21159084859417, 24.687528745900757 60.199701635691326))"
870899686ffffff,2286,32200,"POLYGON ((24.692545778871693 60.164030788590544, 24.711310572605814 60.15924311266795, 24.728415410092566 60.16634571281647, 24.72675600069921 60.17823907679312, 24.707979954024577 60.183027293254014, 24.690874573313778 60.17592160467101, 24.692545778871693 60.164030788590544))"
870899688ffffff,1084,32200,"POLYGON ((24.77485718301865 60.223334582822545, 24.79365886454491 60.21853956147908, 24.81082508959592 60.22563875982572, 24.809190218798815 60.23753607158124, 24.790377254944598 60.24233164550497, 24.773210447851373 60.235229354556694, 24.77485718301865 60.223334582822545))"
870899689ffffff,2982,24150,"POLYGON ((24.790377254944598 60.24233164550497, 24.809190218798815 60.23753607158124, 24.82637198638533 60.2446351779981, 24.824741383427426 60.25653295125162, 24.805917126519116 60.261329080193924, 24.78873476926234 60.2542268803262, 24.790377254944598 60.24233164550497))"
87089968affffff,9640,32200,"POLYGON ((24.7952979907504 60.20664271431153, 24.814091486204372 60.201842526509544, 24.831257120622094 60.2089386314828, 24.82962985384649 60.22083801709495, 24.81082508959592 60.22563875982572, 24.79365886454491 60.21853956147908, 24.7952979907504 60.20664271431153))"
87089968bffffff,10226,32200,"POLYGON ((24.81082508959592 60.22563875982572, 24.82962985384649 60.22083801709495, 24.846811023163546 60.22793402929172, 24.845188030130455 60.23983387790115, 24.82637198638533 60.2446351779981, 24.809190218798815 60.23753607158124, 24.81082508959592 60.22563875982572))"
87089968cffffff,3116,32200,"POLYGON ((24.73890731821645 60.221021511098954, 24.757705902940494 60.21623220631551, 24.77485718301865 60.223334582822545, 24.773210447851373 60.235229354556694, 24.75440057800119 60.24001920713741, 24.737248732085348 60.2329137396525, 24.73890731821645 60.221021511098954))"
87089968dffffff,1670,32200,"POLYGON ((24.75440057800119 60.24001920713741, 24.773210447851373 60.235229354556694, 24.790377254944598 60.24233164550497, 24.78873476926234 60.2542268803262, 24.769913603540196 60.25901728313684, 24.752746223016818 60.25191190036039, 24.75440057800119 60.24001920713741))"
87089968effffff,2234,32200,"POLYGON ((24.75935687519786 60.204337900753195, 24.778147285113814 60.199543429558204, 24.7952979907504 60.20664271431153, 24.79365886454491 60.21853956147908, 24.77485718301865 60.223334582822545, 24.757705902940494 60.21623220631551, 24.75935687519786 60.204337900753195))"
870899690ffffff,140,16100,"POLYGON ((24.73338686565301 60.130662430847664, 24.752135392730654 60.1258644385178, 24.76923911805205 60.13296085944942, 24.76759488027072 60.14485836218062, 24.74883512710348 60.14965689975509, 24.731730841420127 60.14255738882428, 24.73338686565301 60.130662430847664))"
870899691ffffff,1882,32200,"POLYGON ((24.74883512710348 60.14965689975509, 24.76759488027072 60.14485836218062, 24.784714048378017 60.15195471237565, 24.78307403482366 60.16385269045476, 24.76430304490282 60.16865177568512, 24.74718330890651 60.16155233464927, 24.74883512710348 60.14965689975509))"
870899692ffffff,1,10070,"POLYGON ((24.75378384244745 60.113967414214585, 24.77252423950742 60.10916426712951, 24.78962739592896 60.1162575972822, 24.78799072779486 60.12815716476917, 24.76923911805205 60.13296085944942, 24.752135392730654 60.1258644385178, 24.75378384244745 60.113967414214585))"
870899693ffffff,-1,2005,"POLYGON ((24.76923911805205 60.13296085944942, 24.78799072779486 60.12815716476917, 24.805109319467196 60.13525042334609, 24.80347688143974 60.147150467689904, 24.784714048378017 60.15195471237565, 24.76759488027072 60.14485836218062, 24.76923911805205 60.13296085944942))"
870899694ffffff,-196,24150,"POLYGON ((24.69755257685602 60.12835515029496, 24.7162980073356 60.12356285550673, 24.73338686565301 60.130662430847664, 24.731730841420127 60.14255738882428, 24.712974182114973 60.14735022409916, 24.69588477948604 60.14024756038327, 24.69755257685602 60.12835515029496))"
870899695ffffff,7332,32200,"POLYGON ((24.712974182114973 60.14735022409916, 24.731730841420127 60.14255738882428, 24.74883512710348 60.14965689975509, 24.74718330890651 60.16155233464927, 24.728415410092566 60.16634571281647, 24.711310572605814 60.15924311266795, 24.712974182114973 60.14735022409916))"
870899696ffffff,69,26170,"POLYGON ((24.717958225348532 60.111668377522534, 24.736695536992038 60.106870928032514, 24.75378384244745 60.113967414214585, 24.752135392730654 60.1258644385178, 24.73338686565301 60.130662430847664, 24.7162980073356 60.12356285550673, 24.717958225348532 60.111668377522534))"
870899698ffffff,3756,32200,"POLYGON ((24.80020866868 60.170948964417605, 24.818982735705195 60.166144167309504, 24.836132266730562 60.17323726623457, 24.83450832593258 60.18513825503315, 24.815723014290917 60.18994360698692, 24.79857289167889 60.18284741476151, 24.80020866868 60.170948964417605))"
870899699ffffff,718,24150,"POLYGON ((24.815723014290917 60.18994360698692, 24.83450832593258 60.18513825503315, 24.851673361146844 60.192231265863064, 24.850053687541667 60.20413272225342, 24.831257120622094 60.2089386314828, 24.814091486204372 60.201842526509544, 24.815723014290917 60.18994360698692))"
87089969affffff,-10,18105,"POLYGON ((24.82061093129893 60.15424364919416, 24.839376830258075 60.14943369258939, 24.856525761155346 60.15652369744344, 24.85490939682816 60.1684267524381, 24.836132266730562 60.17323726623457, 24.818982735705195 60.166144167309504, 24.82061093129893 60.15424364919416))"
87089969bffffff,262,16100,"POLYGON ((24.836132266730562 60.17323726623457, 24.85490939682816 60.1684267524381, 24.872073824289526 60.175516668356465, 24.87046173301633 60.18742019244589, 24.851673361146844 60.192231265863064, 24.83450832593258 60.18513825503315, 24.836132266730562 60.17323726623457))"
87089969cffffff,7274,32200,"POLYGON ((24.76430304490282 60.16865177568512, 24.78307403482366 60.16385269045476, 24.80020866868 60.170948964417605, 24.79857289167889 60.18284741476151, 24.779790654332004 60.18764705006551, 24.76265544503246 60.18054768441899, 24.76430304490282 60.16865177568512))"
87089969dffffff,788,32200,"POLYGON ((24.779790654332004 60.18764705006551, 24.79857289167889 60.18284741476151, 24.815723014290917 60.18994360698692, 24.814091486204372 60.201842526509544, 24.7952979907504 60.20664271431153, 24.778147285113814 60.199543429558204, 24.779790654332004 60.18764705006551))"
87089969effffff,267,26155,"POLYGON ((24.784714048378017 60.15195471237565, 24.80347688143974 60.147150467689904, 24.82061093129893 60.15424364919416, 24.818982735705195 60.166144167309504, 24.80020866868 60.170948964417605, 24.78307403482366 60.16385269045476, 24.784714048378017 60.15195471237565))"
8708996a0ffffff,-498,32200,"POLYGON ((24.615772849717384 60.19502993872444, 24.634550777348696 60.19025828567474, 24.651641761402818 60.19737020979463, 24.64995533138035 60.209256871659775, 24.63116612123405 60.2140290557661, 24.61407462727712 60.206914046424274, 24.615772849717384 60.19502993872444))"
8708996a1ffffff,2910,32200,"POLYGON ((24.63116612123405 60.2140290557661, 24.64995533138035 60.209256871659775, 24.66706177271838 60.21636873475515, 24.665379524927296 60.22825586750308, 24.64657902147078 60.23302858507533, 24.62947206277117 60.22591363590558, 24.63116612123405 60.2140290557661))"
8708996a2ffffff,0,24150,"POLYGON ((24.636241377350437 60.17837209775844, 24.655011177439487 60.17359528083933, 24.672101642957504 60.18070411894644, 24.670422830565915 60.192592859458784, 24.651641761402818 60.19737020979463, 24.634550777348696 60.19025828567474, 24.636241377350437 60.17837209775844))"
8708996a3ffffff,7948,32200,"POLYGON ((24.651641761402818 60.19737020979463, 24.670422830565915 60.192592859458784, 24.687528745900757 60.199701635691326, 24.685854121722738 60.21159084859417, 24.66706177271838 60.21636873475515, 24.64995533138035 60.209256871659775, 24.651641761402818 60.19737020979463))"
8708996a4ffffff,5580,32200,"POLYGON ((24.579922025289438 60.19268083528276, 24.59869679746459 60.18791487467934, 24.615772849717384 60.19502993872444, 24.61407462727712 60.206914046424274, 24.59528856994811 60.21168053331879, 24.578212023869906 60.20456238569797, 24.579922025289438 60.19268083528276))"
8708996a5ffffff,650,24150,"POLYGON ((24.59528856994811 60.21168053331879, 24.61407462727712 60.206914046424274, 24.63116612123405 60.2140290557661, 24.62947206277117 60.22591363590558, 24.610674709473827 60.23068065149487, 24.593582714268162 60.22356255772378, 24.59528856994811 60.21168053331879))"
8708996a6ffffff,4228,32200,"POLYGON ((24.600399171666 60.17603124248001, 24.619165827568718 60.17126011808414, 24.636241377350437 60.17837209775844, 24.634550777348696 60.19025828567474, 24.615772849717384 60.19502993872444, 24.59869679746459 60.18791487467934, 24.600399171666 60.17603124248001))"
8708996a8ffffff,946,32200,"POLYGON ((24.68250144660445 60.23536766409431, 24.701305086226057 60.23058923969326, 24.718441970322605 60.23769787572435, 24.716775759470654 60.24958802419142, 24.69796081844696 60.254366989253995, 24.680823393331742 60.247255264656054, 24.68250144660445 60.23536766409431))"
8708996a9ffffff,312,40250,"POLYGON ((24.69796081844696 60.254366989253995, 24.716775759470654 60.24958802419142, 24.733928162599494 60.256696581876476, 24.732266176930082 60.26858719351128, 24.713439923710787 60.27336670166342, 24.696286972014633 60.26625505455752, 24.69796081844696 60.254366989253995))"
8708996aaffffff,-724,24150,"POLYGON ((24.702975509902522 60.218699557471204, 24.72177098377604 60.21391596441656, 24.73890731821645 60.221021511098954, 24.737248732085348 60.2329137396525, 24.718441970322605 60.23769787572435, 24.701305086226057 60.23058923969326, 24.702975509902522 60.218699557471204))"
8708996abffffff,720,32200,"POLYGON ((24.718441970322605 60.23769787572435, 24.737248732085348 60.2329137396525, 24.75440057800119 60.24001920713741, 24.752746223016818 60.25191190036039, 24.733928162599494 60.256696581876476, 24.716775759470654 60.24958802419142, 24.718441970322605 60.23769787572435))"
8708996acffffff,270,32200,"POLYGON ((24.64657902147078 60.23302858507533, 24.665379524927296 60.22825586750308, 24.68250144660445 60.23536766409431, 24.680823393331742 60.247255264656054, 24.662011585760794 60.25202851811009, 24.644889139236266 60.24491363459066, 24.64657902147078 60.23302858507533))"
8708996adffffff,-22,24150,"POLYGON ((24.662011585760794 60.25202851811009, 24.680823393331742 60.247255264656054, 24.69796081844696 60.254366989253995, 24.696286972014633 60.26625505455752, 24.67746384951626 60.27102884631565, 24.66032589204066 60.263914033934476, 24.662011585760794 60.25202851811009))"
8708996aeffffff,536,24150,"POLYGON ((24.66706177271838 60.21636873475515, 24.685854121722738 60.21159084859417, 24.702975509902522 60.218699557471204, 24.701305086226057 60.23058923969326, 24.68250144660445 60.23536766409431, 24.665379524927296 60.22825586750308, 24.66706177271838 60.21636873475515))"
8708996b0ffffff,1508,32200,"POLYGON ((24.641306279200023 60.142710334745686, 24.660056708995786 60.13792888961949, 24.67713122798124 60.14503469817412, 24.675455840502334 60.15692503728535, 24.656694165791556 60.161707015785666, 24.639619127105856 60.15459812127544, 24.641306279200023 60.142710334745686))"
8708996b1ffffff,880,32200,"POLYGON ((24.656694165791556 60.161707015785666, 24.675455840502334 60.15692503728535, 24.692545778871693 60.164030788590544, 24.690874573313778 60.17592160467101, 24.672101642957504 60.18070411894644, 24.655011177439487 60.17359528083933, 24.656694165791556 60.161707015785666))"
8708996b2ffffff,744,32200,"POLYGON ((24.661736266176288 60.12603903054491, 24.68047858615435 60.121252428485725, 24.69755257685602 60.12835515029496, 24.69588477948604 60.14024756038327, 24.67713122798124 60.14503469817412, 24.660056708995786 60.13792888961949, 24.661736266176288 60.12603903054491))"
8708996b3ffffff,-466,32200,"POLYGON ((24.67713122798124 60.14503469817412, 24.69588477948604 60.14024756038327, 24.712974182114973 60.14735022409916, 24.711310572605814 60.15924311266795, 24.692545778871693 60.164030788590544, 24.675455840502334 60.15692503728535, 24.67713122798124 60.14503469817412))"
8708996b4ffffff,-334,8050,"POLYGON ((24.605499350198272 60.140377146579105, 24.624246644405623 60.13560138929425, 24.641306279200023 60.142710334745686, 24.639619127105856 60.15459812127544, 24.620860585332423 60.15937440717971, 24.6038004468552 60.1522623774116, 24.605499350198272 60.140377146579105))"
8708996b5ffffff,6604,32200,"POLYGON ((24.620860585332423 60.15937440717971, 24.639619127105856 60.15459812127544, 24.656694165791556 60.161707015785666, 24.655011177439487 60.17359528083933, 24.636241377350437 60.17837209775844, 24.619165827568718 60.17126011808414, 24.620860585332423 60.15937440717971))"
8708996b6ffffff,-86,8050,"POLYGON ((24.62593794805821 60.123714084350695, 24.644677143660587 60.1189331702041, 24.661736266176288 60.12603903054491, 24.660056708995786 60.13792888961949, 24.641306279200023 60.142710334745686, 24.624246644405623 60.13560138929425, 24.62593794805821 60.123714084350695))"
8708996c0ffffff,5470,32200,"POLYGON ((24.816571630779286 60.31601370480866, 24.835426748678067 60.31122163664619, 24.852655895755422 60.31832353004565, 24.851030532668556 60.330220586307306, 24.832164075828757 60.335013214496314, 24.814934324675946 60.32790822585416, 24.816571630779286 60.31601370480866))"
8708996c1ffffff,1070,32200,"POLYGON ((24.832164075828757 60.335013214496314, 24.851030532668556 60.330220586307306, 24.868275322942882 60.33732236644308, 24.86665427184625 60.349219870322635, 24.84777646527681 60.35401306100379, 24.830531063196407 60.346908184768466, 24.832164075828757 60.335013214496314))"
8708996c2ffffff,8716,32200,"POLYGON ((24.837056411183006 60.299325031102356, 24.855903286412094 60.294527784781614, 24.87313182076943 60.301626582174876, 24.87151409626816 60.31352572135186, 24.852655895755422 60.31832353004565, 24.835426748678067 60.31122163664619, 24.837056411183006 60.299325031102356))"
8708996c3ffffff,4410,32200,"POLYGON ((24.852655895755422 60.31832353004565, 24.87151409626816 60.31352572135186, 24.888758266083705 60.320624404627075, 24.887144859499326 60.33252399291162, 24.868275322942882 60.33732236644308, 24.851030532668556 60.330220586307306, 24.852655895755422 60.31832353004565))"
8708996c4ffffff,-4,16100,"POLYGON ((24.780505486141852 60.313694941795625, 24.799357507201833 60.308908609318586, 24.816571630779286 60.31601370480866, 24.814934324675946 60.32790822585416, 24.796070961813307 60.332695113549484, 24.77885625052082 60.32558692444005, 24.780505486141852 60.313694941795625))"
8708996c5ffffff,-20,32200,"POLYGON ((24.796070961813307 60.332695113549484, 24.814934324675946 60.32790822585416, 24.832164075828757 60.335013214496314, 24.830531063196407 60.346908184768466, 24.81165634772245 60.35169563014206, 24.79442600115999 60.344587547022485, 24.796070961813307 60.332695113549484))"
8708996c6ffffff,10,10070,"POLYGON ((24.800999094240282 60.29701454059439, 24.819842883978154 60.29222302999943, 24.837056411183006 60.299325031102356, 24.835426748678067 60.31122163664619, 24.816571630779286 60.31601370480866, 24.799357507201833 60.308908609318586, 24.800999094240282 60.29701454059439))"
8708996c8ffffff,-4,8050,"POLYGON ((24.883914728686225 60.35632153162482, 24.902795612054955 60.35152259078439, 24.92007112285329 60.35862102910019, 24.91846638996441 60.37052150628102, 24.89957414900637 60.375321016908295, 24.88229800218782 60.3682194800193, 24.883914728686225 60.35632153162482))"
8708996caffffff,-20,24150,"POLYGON ((24.904404688113807 60.339622556497545, 24.92327729009637 60.33481843277887, 24.940552156226794 60.341913771767224, 24.938955068695073 60.353816333252865, 24.92007112285329 60.35862102910019, 24.902795612054955 60.35152259078439, 24.904404688113807 60.339622556497545))"
8708996ccffffff,-4,32200,"POLYGON ((24.84777646527681 60.35401306100379, 24.86665427184625 60.349219870322635, 24.883914728686225 60.35632153162482, 24.88229800218782 60.3682194800193, 24.863408835091565 60.37301323566486, 24.846147758686943 60.36590847740497, 24.84777646527681 60.35401306100379))"
8708996cdffffff,4,8050,"POLYGON ((24.863408835091565 60.37301323566486, 24.88229800218782 60.3682194800193, 24.89957414900637 60.375321016908295, 24.897961759750018 60.3872194067117, 24.87906122132141 60.3920137298005, 24.861784447151543 60.384909095094336, 24.863408835091565 60.37301323566486))"
8708996ceffffff,-192,32200,"POLYGON ((24.868275322942882 60.33732236644308, 24.887144859499326 60.33252399291162, 24.904404688113807 60.339622556497545, 24.902795612054955 60.35152259078439, 24.883914728686225 60.35632153162482, 24.86665427184625 60.349219870322635, 24.868275322942882 60.33732236644308))"
8708996d0ffffff,3808,32200,"POLYGON ((24.841938716714257 60.263631960206084, 24.86076605066037 60.25883010029899, 24.87797835923168 60.2659259103314, 24.876363951119497 60.27782667564657, 24.85752531625756 60.282629097814336, 24.840312394061755 60.275530191864505, 24.841938716714257 60.263631960206084))"
8708996d1ffffff,734,32200,"POLYGON ((24.85752531625756 60.282629097814336, 24.876363951119497 60.27782667564657, 24.893591864133345 60.284922376271844, 24.89198176727049 60.296823595289375, 24.87313182076943 60.301626582174876, 24.855903286412094 60.294527784781614, 24.85752531625756 60.282629097814336))"
8708996d2ffffff,3528,32200,"POLYGON ((24.862384757484133 60.24692979178751, 24.88120386697734 60.242122760691046, 24.898415553329826 60.24921547404346, 24.89680875603744 60.26111831463032, 24.87797835923168 60.2659259103314, 24.86076605066037 60.25883010029899, 24.862384757484133 60.24692979178751))"
8708996d3ffffff,5318,32200,"POLYGON ((24.87797835923168 60.2659259103314, 24.89680875603744 60.26111831463032, 24.914036039105333 60.268210917727515, 24.912433558946525 60.28011421351008, 24.893591864133345 60.284922376271844, 24.876363951119497 60.27782667564657, 24.87797835923168 60.2659259103314))"
8708996d4ffffff,1466,32200,"POLYGON ((24.805917126519116 60.261329080193924, 24.824741383427426 60.25653295125162, 24.841938716714257 60.263631960206084, 24.840312394061755 60.275530191864505, 24.82147683336466 60.28032687827031, 24.804278902751992 60.27322477501448, 24.805917126519116 60.261329080193924))"
8708996d5ffffff,2184,32200,"POLYGON ((24.82147683336466 60.28032687827031, 24.840312394061755 60.275530191864505, 24.85752531625756 60.282629097814336, 24.855903286412094 60.294527784781614, 24.837056411183006 60.299325031102356, 24.819842883978154 60.29222302999943, 24.82147683336466 60.28032687827031))"
8708996d6ffffff,4332,32200,"POLYGON ((24.82637198638533 60.2446351779981, 24.845188030130455 60.23983387790115, 24.862384757484133 60.24692979178751, 24.86076605066037 60.25883010029899, 24.841938716714257 60.263631960206084, 24.824741383427426 60.25653295125162, 24.82637198638533 60.2446351779981))"
8708996d9ffffff,-26,16100,"POLYGON ((24.924878726704815 60.322916315673034, 24.94374304965095 60.31810701139511, 24.96101726248702 60.32519925030343, 24.959427809315063 60.33710389302062, 24.940552156226794 60.341913771767224, 24.92327729009637 60.33481843277887, 24.924878726704815 60.322916315673034))"
8708996daffffff,6602,32200,"POLYGON ((24.92967646197091 60.287206700787955, 24.948521202491964 60.282392792604185, 24.96577909467685 60.28948205850754, 24.964192904053053 60.30138833202858, 24.94533685778528 60.30620281454432, 24.928078311519513 60.29911044865952, 24.92967646197091 60.287206700787955))"
8708996dbffffff,6,8050,"POLYGON ((24.94533685778528 60.30620281454432, 24.964192904053053 60.30138833202858, 24.981466454989523 60.30847747010603, 24.979884625192877 60.32038419098079, 24.96101726248702 60.32519925030343, 24.94374304965095 60.31810701139511, 24.94533685778528 60.30620281454432))"
8708996dcffffff,94,32200,"POLYGON ((24.87313182076943 60.301626582174876, 24.89198176727049 60.296823595289375, 24.909225307995637 60.30391918094471, 24.90761953495545 60.31582085056014, 24.888758266083705 60.320624404627075, 24.87151409626816 60.31352572135186, 24.87313182076943 60.301626582174876))"
8708996ddffffff,20,10055,"POLYGON ((24.888758266083705 60.320624404627075, 24.90761953495545 60.31582085056014, 24.924878726704815 60.322916315673034, 24.92327729009637 60.33481843277887, 24.904404688113807 60.339622556497545, 24.887144859499326 60.33252399291162, 24.888758266083705 60.320624404627075))"
8708996deffffff,1594,32200,"POLYGON ((24.893591864133345 60.284922376271844, 24.912433558946525 60.28011421351008, 24.92967646197091 60.287206700787955, 24.928078311519513 60.29911044865952, 24.909225307995637 60.30391918094471, 24.89198176727049 60.296823595289375, 24.893591864133345 60.284922376271844))"
8708996e0ffffff,8,32200,"POLYGON ((24.723939192882874 60.328032116222964, 24.74279632512979 60.32325669495262, 24.759995995865783 60.33036807649453, 24.758339100718906 60.34225796998495, 24.739470610204457 60.34703393931456, 24.722270376782312 60.33991946655576, 24.723939192882874 60.328032116222964))"
8708996e2ffffff,18,26170,"POLYGON ((24.744457476757255 60.31136725388584, 24.763306386783512 60.30658665224436, 24.780505486141852 60.313694941795625, 24.77885625052082 60.32558692444005, 24.759995995865783 60.33036807649453, 24.74279632512979 60.32325669495262, 24.744457476757255 60.31136725388584))"
8708996e3ffffff,28,32200,"POLYGON ((24.759995995865783 60.33036807649453, 24.77885625052082 60.32558692444005, 24.796070961813307 60.332695113549484, 24.79442600115999 60.344587547022485, 24.77555439104776 60.34936925194424, 24.758339100718906 60.34225796998495, 24.759995995865783 60.33036807649453))"
8708996e4ffffff,234,24150,"POLYGON ((24.687900567688644 60.325687245625936, 24.706754563357023 60.320917550279, 24.723939192882874 60.328032116222964, 24.722270376782312 60.33991946655576, 24.70340502007155 60.344689705156924, 24.68621984418665 60.33757204963439, 24.687900567688644 60.325687245625936))"
8708996e5ffffff,-22,8050,"POLYGON ((24.70340502007155 60.344689705156924, 24.722270376782312 60.33991946655576, 24.739470610204457 60.34703393931456, 24.737806044575795 60.35892174057752, 24.71892931594587 60.36369252488244, 24.701728528550355 60.35657496168222, 24.70340502007155 60.344689705156924))"
8708996e6ffffff,202,24150,"POLYGON ((24.708427617467283 60.30903065395812, 24.72727340229483 60.30425577829836, 24.744457476757255 60.31136725388584, 24.74279632512979 60.32325669495262, 24.723939192882874 60.328032116222964, 24.706754563357023 60.320917550279, 24.708427617467283 60.30903065395812))"
8708996e8ffffff,2,18120,"POLYGON ((24.79113269816537 60.36837077160124, 24.810015674571968 60.36358851135131, 24.82726167978455 60.3706964829234, 24.825625306707693 60.38258980877347, 24.806730953160923 60.387372626819186, 24.789484353511366 60.3802615606748, 24.79113269816537 60.36837077160124))"
8708996e9ffffff,22,8050,"POLYGON ((24.806730953160923 60.387372626819186, 24.825625306707693 60.38258980877347, 24.84288699399492 60.38969766323082, 24.84125493359841 60.401591430623284, 24.82234919205697 60.40637480893893, 24.805086902590592 60.39926385904612, 24.806730953160923 60.387372626819186))"
8708996eaffffff,16,32200,"POLYGON ((24.81165634772245 60.35169563014206, 24.830531063196407 60.346908184768466, 24.84777646527681 60.35401306100379, 24.846147758686943 60.36590847740497, 24.82726167978455 60.3706964829234, 24.810015674571968 60.36358851135131, 24.81165634772245 60.35169563014206))"
8708996ebffffff,-26,40250,"POLYGON ((24.82726167978455 60.3706964829234, 24.846147758686943 60.36590847740497, 24.863408835091565 60.37301323566486, 24.861784447151543 60.384909095094336, 24.84288699399492 60.38969766323082, 24.825625306707693 60.38258980877347, 24.82726167978455 60.3706964829234))"
8708996eeffffff,20,32200,"POLYGON ((24.77555439104776 60.34936925194424, 24.79442600115999 60.344587547022485, 24.81165634772245 60.35169563014206, 24.810015674571968 60.36358851135131, 24.79113269816537 60.36837077160124, 24.773901764880144 60.36125959477128, 24.77555439104776 60.34936925194424))"
8708996f0ffffff,-320,32200,"POLYGON ((24.74943412225068 60.27569566734079, 24.768263492096647 60.27091043794677, 24.785446430403486 60.27801573049436, 24.78380057493007 60.289909343805704, 24.764959884872805 60.29469512351785, 24.74777637415706 60.28758673906307, 24.74943412225068 60.27569566734079))"
8708996f1ffffff,180,32200,"POLYGON ((24.764959884872805 60.29469512351785, 24.78380057493007 60.289909343805704, 24.800999094240282 60.29701454059439, 24.799357507201833 60.308908609318586, 24.780505486141852 60.313694941795625, 24.763306386783512 60.30658665224436, 24.764959884872805 60.29469512351785))"
8708996f2ffffff,316,32200,"POLYGON ((24.769913603540196 60.25901728313684, 24.78873476926234 60.2542268803262, 24.805917126519116 60.261329080193924, 24.804278902751992 60.27322477501448, 24.785446430403486 60.27801573049436, 24.768263492096647 60.27091043794677, 24.769913603540196 60.25901728313684))"
8708996f3ffffff,78,24150,"POLYGON ((24.785446430403486 60.27801573049436, 24.804278902751992 60.27322477501448, 24.82147683336466 60.28032687827031, 24.819842883978154 60.29222302999943, 24.800999094240282 60.29701454059439, 24.78380057493007 60.289909343805704, 24.785446430403486 60.27801573049436))"
8708996f4ffffff,2452,24150,"POLYGON ((24.713439923710787 60.27336670166342, 24.732266176930082 60.26858719351128, 24.74943412225068 60.27569566734079, 24.74777637415706 60.28758673906307, 24.728938797939822 60.292366792739315, 24.711770296475954 60.28525522863372, 24.713439923710787 60.27336670166342))"
8708996f5ffffff,480,32200,"POLYGON ((24.728938797939822 60.292366792739315, 24.74777637415706 60.28758673906307, 24.764959884872805 60.29469512351785, 24.763306386783512 60.30658665224436, 24.744457476757255 60.31136725388584, 24.72727340229483 60.30425577829836, 24.728938797939822 60.292366792739315))"
8708996f6ffffff,348,32200,"POLYGON ((24.733928162599494 60.256696581876476, 24.752746223016818 60.25191190036039, 24.769913603540196 60.25901728313684, 24.768263492096647 60.27091043794677, 24.74943412225068 60.27569566734079, 24.732266176930082 60.26858719351128, 24.733928162599494 60.256696581876476))"
870899788ffffff,6,24150,"POLYGON ((24.523587825608587 60.206957009305306, 24.54236753554437 60.20220190229056, 24.559429133287658 60.20932318022735, 24.55771149385739 60.22120264578007, 24.538920482741872 60.225958271956294, 24.521858415906447 60.21883391289621, 24.523587825608587 60.206957009305306))"
870899789ffffff,-4,10055,"POLYGON ((24.538920482741872 60.225958271956294, 24.55771149385739 60.22120264578007, 24.574788525094437 60.22832387617979, 24.573075025361412 60.24020381421222, 24.554272702204486 60.24495996194886, 24.53719519449587 60.23783564956881, 24.538920482741872 60.225958271956294))"
87089978affffff,44,32200,"POLYGON ((24.544089302492733 60.190322912271014, 24.562860905317045 60.18556263927022, 24.579922025289438 60.19268083528276, 24.578212023869906 60.20456238569797, 24.559429133287658 60.20932318022735, 24.54236753554437 60.20220190229056, 24.544089302492733 60.190322912271014))"
87089978bffffff,-38,32200,"POLYGON ((24.559429133287658 60.20932318022735, 24.578212023869906 60.20456238569797, 24.59528856994811 60.21168053331879, 24.593582714268162 60.22356255772378, 24.574788525094437 60.22832387617979, 24.55771149385739 60.22120264578007, 24.559429133287658 60.20932318022735))"
87089978cffffff,-4,8050,"POLYGON ((24.487764661195452 60.20458203336526, 24.50654117661472 60.19983260901098, 24.523587825608587 60.206957009305306, 24.521858415906447 60.21883391289621, 24.503070596753858 60.22358385164993, 24.486023494711564 60.2164563718932, 24.487764661195452 60.20458203336526))"
87089978effffff,28,16100,"POLYGON ((24.508274695629847 60.18795618248988, 24.527043115238367 60.18320159224429, 24.544089302492733 60.190322912271014, 24.54236753554437 60.20220190229056, 24.523587825608587 60.206957009305306, 24.50654117661472 60.19983260901098, 24.508274695629847 60.18795618248988))"
870899798ffffff,-14,8050,"POLYGON ((24.549247579843385 60.154682733672914, 24.567999814118284 60.149917818466726, 24.58504505190358 60.15703297554991, 24.583338538122558 60.16891612919095, 24.564575040295768 60.17368156590043, 24.547529323451176 60.16656332694464, 24.549247579843385 60.154682733672914))"
870899799ffffff,2424,32200,"POLYGON ((24.564575040295768 60.17368156590043, 24.583338538122558 60.16891612919095, 24.600399171666 60.17603124248001, 24.59869679746459 60.18791487467934, 24.579922025289438 60.19268083528276, 24.562860905317045 60.18556263927022, 24.564575040295768 60.17368156590043))"
87089979bffffff,8022,24150,"POLYGON ((24.58504505190358 60.15703297554991, 24.6038004468552 60.1522623774116, 24.620860585332423 60.15937440717971, 24.619165827568718 60.17126011808414, 24.600399171666 60.17603124248001, 24.583338538122558 60.16891612919095, 24.58504505190358 60.15703297554991))"
87089979dffffff,4,8050,"POLYGON ((24.5287689975603 60.17132308080838, 24.547529323451176 60.16656332694464, 24.564575040295768 60.17368156590043, 24.562860905317045 60.18556263927022, 24.544089302492733 60.190322912271014, 24.527043115238367 60.18320159224429, 24.5287689975603 60.17132308080838))"
87089ba65ffffff,2,2020,"POLYGON ((24.738348186387586 60.0949743852343, 24.75707738139237 60.09017178334051, 24.774165125455973 60.09726517958161, 24.77252423950742 60.10916426712951, 24.75378384244745 60.113967414214585, 24.736695536992038 60.106870928032514, 24.738348186387586 60.0949743852343))"
87089ba69ffffff,382,8050,"POLYGON ((24.84099745524151 60.137531109783126, 24.859755188398555 60.13271599599151, 24.876903510647143 60.1398029060056, 24.87529471198549 60.15170802411585, 24.856525761155346 60.15652369744344, 24.839376830258075 60.14943369258939, 24.84099745524151 60.137531109783126))"
87089bb48ffffff,8,8050,"POLYGON ((24.666768093968347 60.090366281588004, 24.685491098812353 60.08557506058201, 24.702549171065318 60.09267474832677, 24.700884771493573 60.10456874324679, 24.682150559164793 60.10936049994751, 24.665091957503112 60.1022577255095, 24.666768093968347 60.090366281588004))"
87089bb49ffffff,46,24150,"POLYGON ((24.682150559164793 60.10936049994751, 24.700884771493573 60.10456874324679, 24.717958225348532 60.111668377522534, 24.7162980073356 60.12356285550673, 24.69755257685602 60.12835515029496, 24.68047858615435 60.121252428485725, 24.682150559164793 60.10936049994751))"
87089bb4bffffff,-7,18120,"POLYGON ((24.702549171065318 60.09267474832677, 24.721275277921567 60.08787783927832, 24.738348186387586 60.0949743852343, 24.736695536992038 60.106870928032514, 24.717958225348532 60.111668377522534, 24.700884771493573 60.10456874324679, 24.702549171065318 60.09267474832677))"
87089bb4dffffff,288,18105,"POLYGON ((24.64636085835798 60.107043794230634, 24.665091957503112 60.1022577255095, 24.682150559164793 60.10936049994751, 24.68047858615435 60.121252428485725, 24.661736266176288 60.12603903054491, 24.644677143660587 60.1189331702041, 24.64636085835798 60.107043794230634))"
8711269b6ffffff,0,24150,"POLYGON ((24.84288699399492 60.38969766323082, 24.861784447151543 60.384909095094336, 24.87906122132141 60.3920137298005, 24.877441164674472 60.40391002915451, 24.858532326429305 60.40869916238892, 24.84125493359841 60.401591430623284, 24.84288699399492 60.38969766323082))"
871126c01ffffff,20,8050,"POLYGON ((25.227992209630415 60.233602896568705, 25.24682162544669 60.22873373464181, 25.264166336254927 60.235791058287596, 25.262682421506405 60.24772065568438, 25.2438417734144 60.25259043012607, 25.22649627591206 60.24552999409559, 25.227992209630415 60.233602896568705))"
871126c05ffffff,-6,16100,"POLYGON ((25.191835914962184 60.231405684798396, 25.210662416057136 60.22654229705625, 25.227992209630415 60.233602896568705, 25.22649627591206 60.24552999409559, 25.207658539302418 60.25039398953842, 25.19032797549657 60.2433302791952, 25.191835914962184 60.231405684798396))"
871126c20ffffff,2228,16100,"POLYGON ((25.119576883793883 60.226984162324875, 25.138397512285618 60.22213230862179, 25.1556974678431 60.22919943578197, 25.154177535866342 60.24112152379682, 25.13534566548917 60.24597397558057, 25.118044972555445 60.23890374071427, 25.119576883793883 60.226984162324875))"
871126c21ffffff,-62,32200,"POLYGON ((25.13534566548917 60.24597397558057, 25.154177535866342 60.24112152379682, 25.17149316480168 60.24818850041734, 25.169977672278215 60.260111036806826, 25.15113454949903 60.26496408915882, 25.133818175230022 60.257894003996704, 25.13534566548917 60.24597397558057))"
871126c22ffffff,992,24150,"POLYGON ((25.139921870960862 60.21021067212181, 25.158734214708343 60.20535365419169, 25.176033424437453 60.2124176729136, 25.174521039820085 60.22434181744914, 25.1556974678431 60.22919943578197, 25.138397512285618 60.22213230862179, 25.139921870960862 60.21021067212181))"
871126c23ffffff,-10,24150,"POLYGON ((25.1556974678431 60.22919943578197, 25.174521039820085 60.22434181744914, 25.191835914962184 60.231405684798396, 25.19032797549657 60.2433302791952, 25.17149316480168 60.24818850041734, 25.154177535866342 60.24112152379682, 25.1556974678431 60.22919943578197))"
871126c24ffffff,1340,32200,"POLYGON ((25.083474178263074 60.22475987723275, 25.10229184893173 60.21991378337561, 25.119576883793883 60.226984162324875, 25.118044972555445 60.23890374071427, 25.09921605686946 60.24375042784618, 25.081930301025782 60.2366769427614, 25.083474178263074 60.22475987723275))"
871126c25ffffff,950,32200,"POLYGON ((25.09921605686946 60.24375042784618, 25.118044972555445 60.23890374071427, 25.13534566548917 60.24597397558057, 25.133818175230022 60.257894003996704, 25.114978003989584 60.26274128688542, 25.097676582152715 60.25566794504683, 25.09921605686946 60.24375042784618))"
871126c26ffffff,1854,32200,"POLYGON ((25.103828168430567 60.20799465814784, 25.12263756554584 60.20314340004436, 25.139921870960862 60.21021067212181, 25.138397512285618 60.22213230862179, 25.119576883793883 60.226984162324875, 25.10229184893173 60.21991378337561, 25.103828168430567 60.20799465814784))"
871126c28ffffff,-84,24150,"POLYGON ((25.187308997870517 60.26717785725541, 25.206155057779263 60.26231903065085, 25.223501333543215 60.26938257834486, 25.222002322789276 60.2813080630241, 25.203145003163094 60.28616749751091, 25.185797957591074 60.27910083887616, 25.187308997870517 60.26717785725541))"
871126c29ffffff,16,8050,"POLYGON ((25.203145003163094 60.28616749751091, 25.222002322789276 60.2813080630241, 25.239364333849306 60.28837144241603, 25.23786980672749 60.30029736751013, 25.2190012168728 60.305157412385576, 25.201638427954528 60.298090921216414, 25.203145003163094 60.28616749751091))"
871126c2affffff,4,24150,"POLYGON ((25.207658539302418 60.25039398953842, 25.22649627591206 60.24552999409559, 25.2438417734144 60.25259043012607, 25.24235031614277 60.264517972702656, 25.223501333543215 60.26938257834486, 25.206155057779263 60.26231903065085, 25.207658539302418 60.25039398953842))"
871126c2bffffff,-16,16100,"POLYGON ((25.223501333543215 60.26938257834486, 25.24235031614277 60.264517972702656, 25.25971154088363 60.271578239597005, 25.258224572921513 60.28350622406907, 25.239364333849306 60.28837144241603, 25.222002322789276 60.2813080630241, 25.223501333543215 60.26938257834486))"
871126c2cffffff,-76,16100,"POLYGON ((25.15113454949903 60.26496408915882, 25.169977672278215 60.260111036806826, 25.187308997870517 60.26717785725541, 25.185797957591074 60.27910083887616, 25.16694357188556 60.28395449429061, 25.14961149297389 60.27688456446376, 25.15113454949903 60.26496408915882))"
871126c2dffffff,10,16100,"POLYGON ((25.16694357188556 60.28395449429061, 25.185797957591074 60.27910083887616, 25.203145003163094 60.28616749751091, 25.201638427954528 60.298090921216414, 25.182772768790745 60.30294518219416, 25.165424961885233 60.29587541334326, 25.16694357188556 60.28395449429061))"
871126c2effffff,-114,32200,"POLYGON ((25.17149316480168 60.24818850041734, 25.19032797549657 60.2433302791952, 25.207658539302418 60.25039398953842, 25.206155057779263 60.26231903065085, 25.187308997870517 60.26717785725541, 25.169977672278215 60.260111036806826, 25.17149316480168 60.24818850041734))"
871126c31ffffff,276,32200,"POLYGON ((25.160251031722698 60.19342996265985, 25.179055093183855 60.188567782849304, 25.196353548653445 60.195628692402515, 25.194848700485412 60.20755489037999, 25.176033424437453 60.2124176729136, 25.158734214708343 60.20535365419169, 25.160251031722698 60.19342996265985))"
871126c35ffffff,7588,32200,"POLYGON ((25.124166338200656 60.19122221819632, 25.142967464199323 60.18636579818899, 25.160251031722698 60.19342996265985, 25.158734214708343 60.20535365419169, 25.139921870960862 60.21021067212181, 25.12263756554584 60.20314340004436, 25.124166338200656 60.19122221819632))"
871126d00ffffff,13216,32200,"POLYGON ((24.95963217454734 60.199040726295934, 24.978429642404002 60.19421245964718, 24.995654320084547 60.201292665065765, 24.994082197652496 60.2132042371395, 24.975273486186207 60.21803308020325, 24.958048144360184 60.21094977423353, 24.95963217454734 60.199040726295934))"
871126d01ffffff,4988,24150,"POLYGON ((24.975273486186207 60.21803308020325, 24.994082197652496 60.2132042371395, 25.01132246419074 60.22028432336623, 25.009754694796722 60.232196353500726, 24.990934729130583 60.23702577543821, 24.9736937906604 60.229942587820936, 24.975273486186207 60.21803308020325))"
871126d02ffffff,6136,32200,"POLYGON ((24.980006105298486 60.18230134874979, 24.998795346778024 60.177467920172575, 25.016019351815558 60.1845450242885, 25.014454791606536 60.19645865773938, 24.995654320084547 60.201292665065765, 24.978429642404002 60.19421245964718, 24.980006105298486 60.18230134874979))"
871126d03ffffff,270,16100,"POLYGON ((24.995654320084547 60.201292665065765, 25.014454791606536 60.19645865773938, 25.031694377707524 60.20353564182652, 25.030134176317233 60.21544973483289, 25.01132246419074 60.22028432336623, 24.994082197652496 60.2132042371395, 24.995654320084547 60.201292665065765))"
871126d04ffffff,2368,32200,"POLYGON ((24.923627956201436 60.19677983831024, 24.94242240620789 60.19195730754162, 24.95963217454734 60.199040726295934, 24.958048144360184 60.21094977423353, 24.939242447774166 60.21577287662799, 24.922032031558558 60.20868635891636, 24.923627956201436 60.19677983831024))"
871126d05ffffff,934,32200,"POLYGON ((24.939242447774166 60.21577287662799, 24.958048144360184 60.21094977423353, 24.975273486186207 60.21803308020325, 24.9736937906604 60.229942587820936, 24.9548768368846 60.23476626429447, 24.937650839431566 60.227679858526784, 24.939242447774166 60.21577287662799))"
871126d06ffffff,15966,32200,"POLYGON ((24.944010758516757 60.18004872239447, 24.962796993345798 60.175221029708474, 24.980006105298486 60.18230134874979, 24.978429642404002 60.19421245964718, 24.95963217454734 60.199040726295934, 24.94242240620789 60.19195730754162, 24.944010758516757 60.18004872239447))"
871126d08ffffff,3942,32200,"POLYGON ((25.027010573366084 60.239276314956825, 25.045833536667004 60.23444114275221, 25.06310435437505 60.241517870032204, 25.061552908491958 60.25343287278353, 25.042718683438604 60.25826863113036, 25.025447169621117 60.25118880003332, 25.027010573366084 60.239276314956825))"
871126d09ffffff,1890,32200,"POLYGON ((25.042718683438604 60.25826863113036, 25.061552908491958 60.25343287278353, 25.078839376830718 60.260509463265734, 25.07729232770751 60.27242491620031, 25.058446830315873 60.27726126316683, 25.04115965798951 60.27018156802697, 25.042718683438604 60.25826863113036))"
871126d0affffff,4730,32200,"POLYGON ((25.047389366627232 60.2225265933113, 25.066204065164282 60.21768625451211, 25.083474178263074 60.22475987723275, 25.081930301025782 60.2366769427614, 25.06310435437505 60.241517870032204, 25.045833536667004 60.23444114275221, 25.047389366627232 60.2225265933113))"
871126d0bffffff,2504,40250,"POLYGON ((25.06310435437505 60.241517870032204, 25.081930301025782 60.2366769427614, 25.09921605686946 60.24375042784618, 25.097676582152715 60.25566794504683, 25.078839376830718 60.260509463265734, 25.061552908491958 60.25343287278353, 25.06310435437505 60.241517870032204))"
871126d0cffffff,684,32200,"POLYGON ((24.990934729130583 60.23702577543821, 25.009754694796722 60.232196353500726, 25.027010573366084 60.239276314956825, 25.025447169621117 60.25118880003332, 25.00661593915698 60.256018803309864, 24.98935938084132 60.24893573962262, 24.990934729130583 60.23702577543821))"
871126d0dffffff,2720,32200,"POLYGON ((25.00661593915698 60.256018803309864, 25.025447169621117 60.25118880003332, 25.042718683438604 60.25826863113036, 25.04115965798951 60.27018156802697, 25.02231715212108 60.27501215511457, 25.005044950715043 60.267929220944474, 25.00661593915698 60.256018803309864))"
871126d0effffff,5980,24150,"POLYGON ((25.01132246419074 60.22028432336623, 25.030134176317233 60.21544973483289, 25.047389366627232 60.2225265933113, 25.045833536667004 60.23444114275221, 25.027010573366084 60.239276314956825, 25.009754694796722 60.232196353500726, 25.01132246419074 60.22028432336623))"
871126d10ffffff,-94,8050,"POLYGON ((24.984729046308125 60.146564825831604, 25.003498857808896 60.141726816285534, 25.020706631539532 60.14880093364069, 25.019145270692846 60.1607161612177, 25.00036425322993 60.16555474939519, 24.983155806153782 60.15847753082082, 24.984729046308125 60.146564825831604))"
871126d11ffffff,8160,18120,"POLYGON ((25.00036425322993 60.16555474939519, 25.019145270692846 60.1607161612177, 25.03636859461068 60.167790163281225, 25.034811585766633 60.17970585502942, 25.016019351815558 60.1845450242885, 24.998795346778024 60.177467920172575, 25.00036425322993 60.16555474939519))"
871126d12ffffff,-2,2005,"POLYGON ((25.005064558117482 60.12981205599671, 25.023826161483697 60.124968891512694, 25.04103325342062 60.13203990689813, 25.039479427354486 60.14395718819357, 25.020706631539532 60.14880093364069, 25.003498857808896 60.141726816285534, 25.005064558117482 60.12981205599671))"
871126d13ffffff,-218,24150,"POLYGON ((25.020706631539532 60.14880093364069, 25.039479427354486 60.14395718819357, 25.05670206169669 60.15102808745666, 25.055152593372377 60.16294583442181, 25.03636859461068 60.167790163281225, 25.019145270692846 60.1607161612177, 25.020706631539532 60.14880093364069))"
871126d14ffffff,1277,18105,"POLYGON ((24.948769321085983 60.14431977678549, 24.96753613413461 60.139487498359486, 24.984729046308125 60.146564825831604, 24.983155806153782 60.15847753082082, 24.964377784162668 60.163310383100104, 24.94718421485144 60.15622995599545, 24.948769321085983 60.14431977678549))"
871126d15ffffff,1179,18105,"POLYGON ((24.964377784162668 60.163310383100104, 24.983155806153782 60.15847753082082, 25.00036425322993 60.16555474939519, 24.998795346778024 60.177467920172575, 24.980006105298486 60.18230134874979, 24.962796993345798 60.175221029708474, 24.964377784162668 60.163310383100104))"
871126d16ffffff,6,8050,"POLYGON ((24.969113695486303 60.12757526227017, 24.987872311542937 60.122737828911816, 25.005064558117482 60.12981205599671, 25.003498857808896 60.141726816285534, 24.984729046308125 60.146564825831604, 24.96753613413461 60.139487498359486, 24.969113695486303 60.12757526227017))"
871126d18ffffff,2142,32200,"POLYGON ((25.05205048294596 60.18677973622977, 25.07084569516032 60.18193482150226, 25.088099483496077 60.18900547179268, 25.08655876841989 60.20092414072708, 25.067752332239188 60.20576964378497, 25.0504978386807 60.19869588902906, 25.05205048294596 60.18677973622977))"
871126d19ffffff,4384,32200,"POLYGON ((25.067752332239188 60.20576964378497, 25.08655876841989 60.20092414072708, 25.103828168430567 60.20799465814784, 25.10229184893173 60.21991378337561, 25.083474178263074 60.22475987723275, 25.066204065164282 60.21768625451211, 25.067752332239188 60.20576964378497))"
871126d1affffff,28,24150,"POLYGON ((25.072390793166463 60.170016611989745, 25.09117775902456 60.16516653766879, 25.108430833687315 60.17223408275223, 25.106897659736056 60.184154806814384, 25.088099483496077 60.18900547179268, 25.07084569516032 60.18193482150226, 25.072390793166463 60.170016611989745))"
871126d1bffffff,1712,32200,"POLYGON ((25.088099483496077 60.18900547179268, 25.106897659736056 60.184154806814384, 25.124166338200656 60.19122221819632, 25.12263756554584 60.20314340004436, 25.103828168430567 60.20799465814784, 25.08655876841989 60.20092414072708, 25.088099483496077 60.18900547179268))"
871126d1cffffff,5330,32200,"POLYGON ((25.016019351815558 60.1845450242885, 25.034811585766633 60.17970585502942, 25.05205048294596 60.18677973622977, 25.0504978386807 60.19869588902906, 25.031694377707524 60.20353564182652, 25.014454791606536 60.19645865773938, 25.016019351815558 60.1845450242885))"
871126d1dffffff,164,32200,"POLYGON ((25.031694377707524 60.20353564182652, 25.0504978386807 60.19869588902906, 25.067752332239188 60.20576964378497, 25.066204065164282 60.21768625451211, 25.047389366627232 60.2225265933113, 25.030134176317233 60.21544973483289, 25.031694377707524 60.20353564182652))"
871126d1effffff,1862,40250,"POLYGON ((25.03636859461068 60.167790163281225, 25.055152593372377 60.16294583442181, 25.072390793166463 60.170016611989745, 25.07084569516032 60.18193482150226, 25.05205048294596 60.18677973622977, 25.034811585766633 60.17970585502942, 25.03636859461068 60.167790163281225))"
871126d20ffffff,7702,40250,"POLYGON ((24.867234250010995 60.21122563946257, 24.886033874294117 60.206414003989266, 24.903229364043444 60.21350372544602, 24.90162585621183 60.22540817843202, 24.882814968865077 60.23022037840347, 24.865618856030878 60.22312756035028, 24.867234250010995 60.21122563946257))"
871126d21ffffff,48,32200,"POLYGON ((24.882814968865077 60.23022037840347, 24.90162585621183 60.22540817843202, 24.918836911772072 60.2324977943436, 24.917237714398652 60.24440270712523, 24.898415553329826 60.24921547404346, 24.88120386697734 60.242122760691046, 24.882814968865077 60.23022037840347))"
871126d22ffffff,2992,32200,"POLYGON ((24.887641680080527 60.194510013901684, 24.906433098081475 60.18969321421158, 24.923627956201436 60.19677983831024, 24.922032031558558 60.20868635891636, 24.903229364043444 60.21350372544602, 24.886033874294117 60.206414003989266, 24.887641680080527 60.194510013901684))"
871126d23ffffff,916,32200,"POLYGON ((24.903229364043444 60.21350372544602, 24.922032031558558 60.20868635891636, 24.939242447774166 60.21577287662799, 24.937650839431566 60.227679858526784, 24.918836911772072 60.2324977943436, 24.90162585621183 60.22540817843202, 24.903229364043444 60.21350372544602))"
871126d24ffffff,4348,32200,"POLYGON ((24.831257120622094 60.2089386314828, 24.850053687541667 60.20413272225342, 24.867234250010995 60.21122563946257, 24.865618856030878 60.22312756035028, 24.846811023163546 60.22793402929172, 24.82962985384649 60.22083801709495, 24.831257120622094 60.2089386314828))"
871126d25ffffff,3718,32200,"POLYGON ((24.846811023163546 60.22793402929172, 24.865618856030878 60.22312756035028, 24.882814968865077 60.23022037840347, 24.88120386697734 60.242122760691046, 24.862384757484133 60.24692979178751, 24.845188030130455 60.23983387790115, 24.846811023163546 60.22793402929172))"
871126d26ffffff,2248,32200,"POLYGON ((24.851673361146844 60.192231265863064, 24.87046173301633 60.18742019244589, 24.887641680080527 60.194510013901684, 24.886033874294117 60.206414003989266, 24.867234250010995 60.21122563946257, 24.850053687541667 60.20413272225342, 24.851673361146844 60.192231265863064))"
871126d28ffffff,1310,32200,"POLYGON ((24.934464358939298 60.25149221193602, 24.953289557381574 60.24667370437779, 24.970531159257437 60.25375999263491, 24.96894822116873 60.26566788779166, 24.9501117412971 60.27048696955196, 24.932869484562847 60.26339758140738, 24.934464358939298 60.25149221193602))"
871126d29ffffff,5068,32200,"POLYGON ((24.9501117412971 60.27048696955196, 24.96894822116873 60.26566788779166, 24.98620545069655 60.272754052961965, 24.984626866632635 60.2846624000778, 24.96577909467685 60.28948205850754, 24.948521202491964 60.282392792604185, 24.9501117412971 60.27048696955196))"
871126d2affffff,856,32200,"POLYGON ((24.9548768368846 60.23476626429447, 24.9736937906604 60.229942587820936, 24.990934729130583 60.23702577543821, 24.98935938084132 60.24893573962262, 24.970531159257437 60.25375999263491, 24.953289557381574 60.24667370437779, 24.9548768368846 60.23476626429447))"
871126d2bffffff,-292,32200,"POLYGON ((24.970531159257437 60.25375999263491, 24.98935938084132 60.24893573962262, 25.00661593915698 60.256018803309864, 25.005044950715043 60.267929220944474, 24.98620545069655 60.272754052961965, 24.96894822116873 60.26566788779166, 24.970531159257437 60.25375999263491))"
871126d2cffffff,-116,16100,"POLYGON ((24.898415553329826 60.24921547404346, 24.917237714398652 60.24440270712523, 24.934464358939298 60.25149221193602, 24.932869484562847 60.26339758140738, 24.914036039105333 60.268210917727515, 24.89680875603744 60.26111831463032, 24.898415553329826 60.24921547404346))"
871126d2dffffff,484,32200,"POLYGON ((24.914036039105333 60.268210917727515, 24.932869484562847 60.26339758140738, 24.9501117412971 60.27048696955196, 24.948521202491964 60.282392792604185, 24.92967646197091 60.287206700787955, 24.912433558946525 60.28011421351008, 24.914036039105333 60.268210917727515))"
871126d2effffff,2442,32200,"POLYGON ((24.918836911772072 60.2324977943436, 24.937650839431566 60.227679858526784, 24.9548768368846 60.23476626429447, 24.953289557381574 60.24667370437779, 24.934464358939298 60.25149221193602, 24.917237714398652 60.24440270712523, 24.918836911772072 60.2324977943436))"
871126d30ffffff,5490,32200,"POLYGON ((24.892458523165384 60.1587948443561, 24.91123051181076 60.15397344950579, 24.928409202475958 60.16105707716433, 24.92681654054972 60.17296519641374, 24.908033326520755 60.17778715800317, 24.890854003398196 60.17070043306485, 24.892458523165384 60.1587948443561))"
871126d31ffffff,7114,32200,"POLYGON ((24.908033326520755 60.17778715800317, 24.92681654054972 60.17296519641374, 24.944010758516757 60.18004872239447, 24.94242240620789 60.19195730754162, 24.923627956201436 60.19677983831024, 24.906433098081475 60.18969321421158, 24.908033326520755 60.17778715800317))"
871126d32ffffff,14684,24150,"POLYGON ((24.91282747088525 60.14206579925823, 24.931591271373055 60.13723924716735, 24.948769321085983 60.14431977678549, 24.94718421485144 60.15622995599545, 24.928409202475958 60.16105707716433, 24.91123051181076 60.15397344950579, 24.91282747088525 60.14206579925823))"
871126d33ffffff,9288,32200,"POLYGON ((24.928409202475958 60.16105707716433, 24.94718421485144 60.15622995599545, 24.964377784162668 60.163310383100104, 24.962796993345798 60.175221029708474, 24.944010758516757 60.18004872239447, 24.92681654054972 60.17296519641374, 24.928409202475958 60.16105707716433))"
871126d34ffffff,3022,24150,"POLYGON ((24.856525761155346 60.15652369744344, 24.87529471198549 60.15170802411585, 24.892458523165384 60.1587948443561, 24.890854003398196 60.17070043306485, 24.872073824289526 60.175516668356465, 24.85490939682816 60.1684267524381, 24.856525761155346 60.15652369744344))"
871126d35ffffff,731,26155,"POLYGON ((24.872073824289526 60.175516668356465, 24.890854003398196 60.17070043306485, 24.908033326520755 60.17778715800317, 24.906433098081475 60.18969321421158, 24.887641680080527 60.194510013901684, 24.87046173301633 60.18742019244589, 24.872073824289526 60.175516668356465))"
871126d36ffffff,13122,24150,"POLYGON ((24.876903510647143 60.1398029060056, 24.895664284494664 60.134982075460854, 24.91282747088525 60.14206579925823, 24.91123051181076 60.15397344950579, 24.892458523165384 60.1587948443561, 24.87529471198549 60.15170802411585, 24.876903510647143 60.1398029060056))"
871126d40ffffff,2472,32200,"POLYGON ((25.069541168391723 60.331994066897515, 25.08841756419024 60.327161713479256, 25.10575185204588 60.334240967061525, 25.10421046696541 60.346155679957846, 25.085322753257856 60.35098862714096, 25.06798774616279 60.343906267105716, 25.069541168391723 60.331994066897515))"
871126d41ffffff,1192,32200,"POLYGON ((25.085322753257856 60.35098862714096, 25.10421046696541 60.346155679957846, 25.121560506811733 60.353234775093085, 25.120023563799936 60.365149924153535, 25.101124521537344 60.36998346760654, 25.083773754467977 60.362901265170215, 25.085322753257856 60.35098862714096))"
871126d42ffffff,4,32200,"POLYGON ((25.08996337851264 60.31524743988449, 25.10883145237027 60.31040990821959, 25.126165012434793 60.31748605461499, 25.12463123004698 60.32940283930472, 25.10575185204588 60.334240967061525, 25.08841756419024 60.327161713479256, 25.08996337851264 60.31524743988449))"
871126d43ffffff,1766,32200,"POLYGON ((25.10575185204588 60.334240967061525, 25.12463123004698 60.32940283930472, 25.141980534110814 60.33647882640754, 25.14045119957369 60.3483960487404, 25.121560506811733 60.353234775093085, 25.10421046696541 60.346155679957846, 25.10575185204588 60.334240967061525))"
871126d44ffffff,1275,26170,"POLYGON ((25.03334849864408 60.32973813879615, 25.052221897805968 60.3249115548992, 25.069541168391723 60.331994066897515, 25.06798774616279 60.343906267105716, 25.049103025979754 60.34873343993923, 25.031783052674943 60.341647823072854, 25.03334849864408 60.32973813879615))"
871126d45ffffff,1464,32200,"POLYGON ((25.049103025979754 60.34873343993923, 25.06798774616279 60.343906267105716, 25.085322753257856 60.35098862714096, 25.083773754467977 60.362901265170215, 25.064877702597055 60.36772902943972, 25.04754198483556 60.36064356368703, 25.049103025979754 60.34873343993923))"
871126d46ffffff,1840,32200,"POLYGON ((25.05377973068355 60.31299979564411, 25.072644819211163 60.3081680334923, 25.08996337851264 60.31524743988449, 25.08841756419024 60.327161713479256, 25.069541168391723 60.331994066897515, 25.052221897805968 60.3249115548992, 25.05377973068355 60.31299979564411))"
871126d4effffff,960,16100,"POLYGON ((25.121560506811733 60.353234775093085, 25.14045119957369 60.3483960487404, 25.15781627108895 60.355471870902626, 25.156291397265665 60.36738952773571, 25.137389379117533 60.37222885519493, 25.120023563799936 60.365149924153535, 25.121560506811733 60.353234775093085))"
871126d50ffffff,534,32200,"POLYGON ((25.0945944699534 60.27950136427562, 25.113442944512098 60.27465925262553, 25.130760055634063 60.28173244559789, 25.12922942415058 60.29365085674175, 25.11036966978189 60.29849356431269, 25.093051830308692 60.29141726426308, 25.0945944699534 60.27950136427562))"
871126d51ffffff,558,24150,"POLYGON ((25.11036966978189 60.29849356431269, 25.12922942415058 60.29365085674175, 25.146562247893304 60.30072389521809, 25.145036057194588 60.312642748626814, 25.126165012434793 60.31748605461499, 25.10883145237027 60.31040990821959, 25.11036966978189 60.29849356431269))"
871126d52ffffff,16,32200,"POLYGON ((25.114978003989584 60.26274128688542, 25.133818175230022 60.257894003996704, 25.15113454949903 60.26496408915882, 25.14961149297389 60.27688456446376, 25.130760055634063 60.28173244559789, 25.113442944512098 60.27465925262553, 25.114978003989584 60.26274128688542))"
871126d53ffffff,16,32200,"POLYGON ((25.130760055634063 60.28173244559789, 25.14961149297389 60.27688456446376, 25.16694357188556 60.28395449429061, 25.165424961885233 60.29587541334326, 25.146562247893304 60.30072389521809, 25.12922942415058 60.29365085674175, 25.130760055634063 60.28173244559789))"
871126d54ffffff,1958,32200,"POLYGON ((25.058446830315873 60.27726126316683, 25.07729232770751 60.27242491620031, 25.0945944699534 60.27950136427562, 25.093051830308692 60.29141726426308, 25.074195049984887 60.2962542023334, 25.056892195845197 60.28917464875861, 25.058446830315873 60.27726126316683))"
871126d55ffffff,76,32200,"POLYGON ((25.074195049984887 60.2962542023334, 25.093051830308692 60.29141726426308, 25.11036966978189 60.29849356431269, 25.10883145237027 60.31040990821959, 25.08996337851264 60.31524743988449, 25.072644819211163 60.3081680334923, 25.074195049984887 60.2962542023334))"
871126d56ffffff,1098,32200,"POLYGON ((25.078839376830718 60.260509463265734, 25.097676582152715 60.25566794504683, 25.114978003989584 60.26274128688542, 25.113442944512098 60.27465925262553, 25.0945944699534 60.27950136427562, 25.07729232770751 60.27242491620031, 25.078839376830718 60.260509463265734))"
871126d5cffffff,-14,8050,"POLYGON ((25.126165012434793 60.31748605461499, 25.145036057194588 60.312642748626814, 25.162384616937736 60.31971562696765, 25.160862879850622 60.33163491949926, 25.141980534110814 60.33647882640754, 25.12463123004698 60.32940283930472, 25.126165012434793 60.31748605461499))"
871126d5dffffff,1370,16100,"POLYGON ((25.141980534110814 60.33647882640754, 25.160862879850622 60.33163491949926, 25.178227199017716 60.33870763205527, 25.176709928405437 60.350627360564594, 25.15781627108895 60.355471870902626, 25.14045119957369 60.3483960487404, 25.141980534110814 60.33647882640754))"
871126d5effffff,-2,8050,"POLYGON ((25.146562247893304 60.30072389521809, 25.165424961885233 60.29587541334326, 25.182772768790745 60.30294518219416, 25.181258618142117 60.314866541850186, 25.162384616937736 60.31971562696765, 25.145036057194588 60.312642748626814, 25.146562247893304 60.30072389521809))"
871126d62ffffff,1454,16100,"POLYGON ((24.99717385822584 60.32747319563795, 25.01604424634692 60.322652376440914, 25.03334849864408 60.32973813879615, 25.031783052674943 60.341647823072854, 25.012901340456583 60.346469226381, 24.99559640193803 60.339380360748194, 24.99717385822584 60.32747319563795))"
871126d63ffffff,112,8050,"POLYGON ((25.012901340456583 60.346469226381, 25.031783052674943 60.341647823072854, 25.049103025979754 60.34873343993923, 25.04754198483556 60.36064356368703, 25.028648937832504 60.36546555360009, 25.01132827039518 60.358376832605515, 25.012901340456583 60.346469226381))"
871126d6effffff,60,8050,"POLYGON ((25.028648937832504 60.36546555360009, 25.04754198483556 60.36064356368703, 25.064877702597055 60.36772902943972, 25.063321079068082 60.37963958952888, 25.044416686585002 60.384462168547266, 25.027080266751373 60.37737359781446, 25.028648937832504 60.36546555360009))"
871126d70ffffff,3230,32200,"POLYGON ((25.001899747085385 60.29174843657529, 25.02075053617304 60.2869230230797, 25.038038403958303 60.294005822135766, 25.036476173186344 60.30591713730877, 25.017614084386924 60.31074313476197, 25.000325529692386 60.30365723253292, 25.001899747085385 60.29174843657529))"
871126d71ffffff,8520,32200,"POLYGON ((25.017614084386924 60.31074313476197, 25.036476173186344 60.30591713730877, 25.05377973068355 60.31299979564411, 25.052221897805968 60.3249115548992, 25.03334849864408 60.32973813879615, 25.01604424634692 60.322652376440914, 25.017614084386924 60.31074313476197))"
871126d72ffffff,6824,32200,"POLYGON ((25.02231715212108 60.27501215511457, 25.04115965798951 60.27018156802697, 25.058446830315873 60.27726126316683, 25.056892195845197 60.28917464875861, 25.038038403958303 60.294005822135766, 25.02075053617304 60.2869230230797, 25.02231715212108 60.27501215511457))"
871126d73ffffff,4838,32200,"POLYGON ((25.038038403958303 60.294005822135766, 25.056892195845197 60.28917464875861, 25.074195049984887 60.2962542023334, 25.072644819211163 60.3081680334923, 25.05377973068355 60.31299979564411, 25.036476173186344 60.30591713730877, 25.038038403958303 60.294005822135766))"
871126d74ffffff,410,24150,"POLYGON ((24.96577909467685 60.28948205850754, 24.984626866632635 60.2846624000778, 25.001899747085385 60.29174843657529, 25.000325529692386 60.30365723253292, 24.981466454989523 60.30847747010603, 24.964192904053053 60.30138833202858, 24.96577909467685 60.28948205850754))"
871126d75ffffff,4,24150,"POLYGON ((24.981466454989523 60.30847747010603, 25.000325529692386 60.30365723253292, 25.017614084386924 60.31074313476197, 25.01604424634692 60.322652376440914, 24.99717385822584 60.32747319563795, 24.979884625192877 60.32038419098079, 24.981466454989523 60.30847747010603))"
871126d76ffffff,2840,32200,"POLYGON ((24.98620545069655 60.272754052961965, 25.005044950715043 60.267929220944474, 25.02231715212108 60.27501215511457, 25.02075053617304 60.2869230230797, 25.001899747085385 60.29174843657529, 24.984626866632635 60.2846624000778, 24.98620545069655 60.272754052961965))"
871126da3ffffff,-34,8050,"POLYGON ((25.045688383363206 60.096284900273915, 25.064433577559903 60.09143143291051, 25.081639280647764 60.09849624211158, 25.08010049171919 60.110417621597676, 25.061344132061976 60.11527167458241, 25.044137730346225 60.1082037619156, 25.045688383363206 60.096284900273915))"
871126da8ffffff,-1,2005,"POLYGON ((25.07701976629584 60.13425880223071, 25.09578730185575 60.12940416117741, 25.11302408157197 60.13646872925066, 25.111494043537316 60.14839104294788, 25.092715321624738 60.15324627452336, 25.07547782765864 60.1461786013317, 25.07701976629584 60.13425880223071))"
871126da9ffffff,154,18105,"POLYGON ((25.092715321624738 60.15324627452336, 25.111494043537316 60.14839104294788, 25.128746396097533 60.155455482084726, 25.127220752410228 60.16737825819422, 25.108430833687315 60.17223408275223, 25.09117775902456 60.16516653766879, 25.092715321624738 60.15324627452336))"
871126dadffffff,-70,24150,"POLYGON ((25.05670206169669 60.15102808745666, 25.07547782765864 60.1461786013317, 25.092715321624738 60.15324627452336, 25.09117775902456 60.16516653766879, 25.072390793166463 60.170016611989745, 25.055152593372377 60.16294583442181, 25.05670206169669 60.15102808745666))"
